USE student_statistical;

# 添加 jurisdiction 权限表数据
INSERT INTO jurisdiction(`jurisdiction_name`) VALUES ('student:insert'),('student:delete'),('student:update'),('student:select');
INSERT INTO jurisdiction(`jurisdiction_name`) VALUES ('ethnic:insert'),('ethnic:delete'),('ethnic:update'),('ethnic:select');
SELECT * FROM jurisdiction;

# 添加 role 角色表数据
INSERT INTO role(`role_name`) VALUES ('普通用户'),('不普通用户');
SELECT * FROM role;

# 添加 jurisdiction_role 用户角色中间表数据
INSERT INTO jurisdiction_role(`role_id`,`jurisdiction_id`) VALUES(1,4),(1,8);
INSERT INTO jurisdiction_role(`role_id`,`jurisdiction_id`) VALUES(2,1),(2,2),(2,3),(2,4),(2,5),(2,6),(2,7),(2,8);
SELECT * FROM jurisdiction_role;

# 添加 constellation 星座表数据
#	`constellation_head_portrait` VARCHAR(100) COMMENT "星座头像图片地址",
#	`constellation_name` VARCHAR(20) COMMENT "星座名称",
#	`constellation_date` VARCHAR(30) COMMENT "星座日期",
#	`constellation_gender` VARCHAR(5) COMMENT "星座性别",
#	`constellation_trait` VARCHAR(300) COMMENT "星座特点",
#	`constellation_weakness` VARCHAR(100) COMMENT "星座弱点",
#	`constellation_describe` VARCHAR(300) COMMENT "星座描述",
#	`constellation_show_img` VARCHAR(100) COMMENT "星座图片"
INSERT INTO constellation(`constellation_head_portrait`,`constellation_name`,`constellation_date`,`constellation_gender`,`constellation_trait`,`constellation_weakness`,`constellation_describe`,`constellation_show_img`) VALUES
 ('/images/constellation/head-portrait/aries.jpg','白羊座','03.21 - 04.19','白羊男','勇敢、火热','稚拙、刚愎自用','满腔热情的白羊座男生，总是一副无畏无惧的“超人”模样。在白羊男的字典中根本就没有“放弃”、“失败”等负面字眼，所以你们总能迎难而上，并表现出压倒一切的正能量。这样的白羊男直白不含蓄，技能是速战速决，长驱直入！','/images/constellation/head-portrait/aries_boy.jpg'),
 ('/images/constellation/head-portrait/aries.jpg','白羊座','03.21 - 04.19','白羊女','勇敢、火热、大方','稚拙、刚愎自用','豪放率真的白羊座女生，富有强大的想象力，热情勇敢，女汉子味十足。勇往直前，是你们最大的特点。所以即便面对困难挫折，白羊女都敢于迎接挑战。可以说，这是个极具战斗精神的新时代女性。如此强悍个性的白羊女，在异性的眼中却永远都少了点女人味专属的温柔，往往都是称兄道弟的份。','/images/constellation/head-portrait/aries_girl.jpg'),
 ('/images/constellation/head-portrait/taurus.jpg','金牛座','04.20 - 05.20','金牛男','浪漫、决断能力、逻辑思考','偏见、死脑筋','性格保守且沉稳的金牛座男生，如同归隐诗人般追求安稳恬静的田园生活。其生活节奏趋于缓慢且有条有序，你们不希望任何人扰乱自己的步伐节奏。不管是物质还是感情，现实主义的你们总是以“可靠”作为自己一切的衡量标准。','/images/constellation/head-portrait/taurus_boy.jpg'),
 ('/images/constellation/head-portrait/taurus.jpg','金牛座','04.20 - 05.20','金牛女','浪漫、决断能力、逻辑思考','偏见、依赖心','八面玲珑的金牛座女生，恰到好处的交际手腕总能赢得众人的好感。以金牛女勤俭节约的内敛个性，必然会是个模范的家庭主妇。只是深沉的事业野心，往往督促金牛成为精明能干的女强人。富有女性魅力的金牛女，兢兢业业的工作态度，虽然大器晚成，不过你们的坚韧会是成功中佼佼者。所以，金牛女大多都是晚婚者。','/images/constellation/head-portrait/taurus_girl.jpg'),
 ('/images/constellation/head-portrait/gemini.jpg','双子座','05.21 - 06.21','双子男','联想力、开朗、反映机智','喜新厌旧、投机取巧','好奇心旺盛的双子座男生，对周围一切新奇刺激的玩意都充满着无止境的探索欲望。跟金牛相反，你们更乐于接受瞬息万变的生活节奏。所以双子男是极具意象色彩的人，总是在某个角落弹奏着恰好好处的弦律。在欣赏缤纷生活的同时，也不断吸引着新的“听众”。','/images/constellation/head-portrait/gemini_boy.jpg'),
 ('/images/constellation/head-portrait/gemini.jpg','双子座','05.21 - 06.21','双子女','多样性、思维敏捷','狡猾、善变','聪明伶俐的双子座女生，爱耍小聪明之余还有点神经质。抱有积极向上生活态度的双子女，内心闪耀着众多美好的幻想，以及充满了对理想的憧憬。可以说，这是个具有异国风情的魅力女生。你们的适应能力非常顽强，所以总能在张弛有度的生活、工作和爱情中，享受着无忧无虑的曲调。','/images/constellation/head-portrait/gemini_girl.jpg'),
 ('/images/constellation/head-portrait/cancer.jpg','巨蟹座','06.22 - 07.22','巨蟹男','慎重、友善、有爱心','敏感、马虎、拘束','巨蟹座男生向来低调，个性温顺亲和，平易近人，举止稳重。众人都称赞巨蟹男温情顾家，心地善良。平日深居简出的巨蟹男，虽然其主要的领地是“家庭”，但事业上也是有着独树一帜的表现。只是在面对已认定的问题上，巨蟹男则略显固执，甚至会顽强抵制。','/images/constellation/head-portrait/cancer_boy.jpg'),
 ('/images/constellation/head-portrait/cancer.jpg','巨蟹座','06.22 - 07.22','巨蟹女','主观、温柔、反应佳','贪吃、占有欲强','温顺随和的巨蟹座女生，充满着天真而感性的幻想。感情细腻的巨蟹女，注定是个多愁善感的悲情人。正因为敏感的神经线，才会日积月累了那么多忧怨不满的情绪。不过所幸的是巨蟹女思想单纯，心态永远都处于年轻的状态。只要别人的信任，就会散发出温情幽默的气息，简单而知足。','/images/constellation/head-portrait/cancer_girl.jpg'),
 ('/images/constellation/head-portrait/leo.jpg','狮子座','07.23 - 08.22','狮子男','热情 、组织能力、正义感','高傲、虚荣心','极具个性的狮子座男生，拥有着异于常人的能耐和韧性。这也是你们被成功之神眷顾的原因之一。自信且有主见的狮子男，有着卓越的领导才能，不仅威信十足，而且身边不乏追随者。反过来，你们却受不得被命令，凡事以自我为中心。如此自尊自傲的狮子男，其实内心孤独脆弱，只是用冷峻的外表掩盖了而已。','/images/constellation/head-portrait/leo_boy.jpg'),
 ('/images/constellation/head-portrait/leo.jpg','狮子座','07.23 - 08.22','狮子女','心地善良、爱心丰富','喜欢引人注目','光芒四射的狮子座女生，无论言行举止都流露着绚烂的戏剧性色彩。慷慨大方是狮子女的天性，你们就是喜欢追求生活中最顶尖的极品，唯有这种昂贵且高品位的东西才配得到“宠幸”。同样是事业型女强人的范，狮子女却是天生的领导者，拥有杰出的才能，以及做大事的度量。女生中绝无仅有的“王者”！','/images/constellation/head-portrait/leo_girl.jpg'),
 ('/images/constellation/head-portrait/virgo.jpg','处女座','08.23 - 09.22','处女男','调皮、热情、害羞','好管闲事、拘泥','聪慧理智的处女座男生，如同女生一样拥有着细腻如丝的情感和思绪。做事按部就班的处女男，是个典型的完美主义者，这已经是家喻户晓的事实。或许过分要求完美，导致性格上略显婆妈，待人过于严苛，挑剔成性。然而这种一丝不苟的态度，往往能够让你们在工作上取得骄人的成就。','/images/constellation/head-portrait/virgo_boy.jpg'),
 ('/images/constellation/head-portrait/virgo.jpg','处女座','08.23 - 09.22','处女女','细心、温柔大方','挑剔、媚于俗世','表面看似波澜不惊的处女座女生，其实内里隐藏着一颗敏感而躁动的心。内敛而保守的个性，使得处女女总是一副腼腆害羞的邻家女生模样。沉着冷静是你们的处事态度，正因为细致的心才需要更多的安全感，所以往往都是有所保留。对于生活，处女女需要强而有力的掌控感！','/images/constellation/head-portrait/virgo_girl.jpg'),
 ('/images/constellation/head-portrait/libra.jpg','天秤座','09.23 - 10.23','天秤男','理想主义、公正','随心所欲、懒惰','极具人格魅力的天秤座男生，在异性心目中是理想的伴侣。温柔尔雅且举止大方的天秤男，天生就具有交际高手的魅力，能说会道的你们在任何场合都深得别人的欢心。你们以追求“美感”为原则，凡事都要求做得尽善尽美。虽然你们是体贴入微的好恋人，但过分讨好的异性缘却难免有朝三暮四的嫌疑。','/images/constellation/head-portrait/libra_boy.jpg'),
 ('/images/constellation/head-portrait/libra.jpg','天秤座','09.23 - 10.23','天秤女','魅力、 艺术力强、美丽','自恋、爱美、敷衍','高贵优雅的天秤座女生，富有极强的创造力。天生追求“美感”的天秤女，本来就是美的化身，拥有着天使的面孔魔鬼的身材。你们就是典型的外貌协会会员，注重外表之余往往会弱化看人的能力。就算是生活中再平凡的小事，天秤女都能将其幻化得奇妙无穷！天秤女，就是这样美感特佳的魅力女性！','/images/constellation/head-portrait/libra_girl.jpg'),
('/images/constellation/head-portrait/scorpio.jpg','天蝎座','10.24 - 11.22','天蝎男','感觉敏锐，深谋远虑','城府深、难深交','高冷的天蝎座男生，性格属于思辨型，拥有着高度敏锐的洞察力。凛然正气的天蝎男，对外界的戒备心非常强，只要有风水草动会就马上警惕。虽然个性争强好胜，但你们却能崇尚公平的竞争精神。得益于冷静的判断力，天蝎男极少会吃亏，难得的是不怕吃亏。因为你们展望的可是未来的谋划，而非眼前的小利。','/images/constellation/head-portrait/scorpio_boy.jpg'),
 ('/images/constellation/head-portrait/scorpio.jpg','天蝎座','10.24 - 11.22','天蝎女','智慧、理智、领导能力','城府深、难深交','谜样般的天蝎座女生，外表冷若冰霜，内在狂热不羁。让人捉摸不透的天蝎女，有着复杂而强烈的情绪。看似安静内敛的天蝎女，却具有狂野性感的挑逗力，对于男生来说那时无法抗拒的魅力。而且这是个敢爱敢恨的星座，你们更偏恋灵魂伴侣，一旦爱上就是“不成功便成仁”的壮烈追求。','/images/constellation/head-portrait/scorpio_girl.jpg'),
('/images/constellation/head-portrait/sagittarius.jpg','射手座','11.23 - 12.21','射手男','感觉敏锐，深谋远虑','花心、多变','风趣幽默的射手座男生，个性爽朗而机敏，给人的印象就是典型的阳光大男孩。达观的射手男还是社交高手，特别能讨女生们芳心，往往是大众情人的角色。从来不知愁滋味的射手男，总能把欢声笑语带到每个场合。如此懂得享受生活的射手，追求自由，来无踪去无影如同风一样的男子！','/images/constellation/head-portrait/sagittarius_boy.jpg'),
 ('/images/constellation/head-portrait/sagittarius.jpg','射手座','11.23 - 12.21','射手女','活泼、可爱、乐观','丢三落四、草率','极具挑战欲望的射手座女生，认为生活就是一系列的探险，尤其偏爱新奇刺激的经验。热情奔放的射手女，热爱自由，并坚定的认为一切皆有可能。射手女渴望生活充满变化和刺激，特别喜欢跟各种各样的人相处。而且射手女这种放浪不羁的个性，反而激发更多异性的征服欲，所以身边不乏狂蜂浪蝶。','/images/constellation/head-portrait/sagittarius_girl.jpg'),
('/images/constellation/head-portrait/capricorn.jpg','摩羯座','12.22 - 01.19','摩羯男','宽大 、乐观','孤独、不灵活','成熟稳重的摩羯座男生，具有让人五体投地的不屈不饶精神和能耐。摩羯男总是理性先行，天生冷静的判断力是你们成功的秘诀之一，往往都是白手起家的模范。虽然你们拥有着高度的责任感，但却永远都缺乏点灵活性，不擅长速战。摩羯男习惯固执且谨慎地坚持认定的事，所以也经常与机会擦身而过。','/images/constellation/head-portrait/capricorn_boy.jpg'),
 ('/images/constellation/head-portrait/capricorn.jpg','摩羯座','12.22 - 01.19','摩羯女','优越、聪慧、实际','顽固、自闭','保守固执的摩羯座女生，富有正义感，总是一副“路见不平拔刀相助”的侠义心肠。摩羯女不善言辞但贵在够真，所有的喜怒哀乐都写在脸上。个性略为强势，具有高度的责任感，摩羯女就是这样外柔内刚的人。不过缺少了点浪漫色彩，极端现实的你们，终身都在为着实现目标而努力，连做梦都与现实有关。','/images/constellation/head-portrait/capricorn_girl.jpg'),
('/images/constellation/head-portrait/aquarius.jpg','水瓶座','01.20 - 02.18','水瓶男','宽容、理想、冷静','草率、叛逆','外表朴实爽朗的水瓶座男生，内里是个错综复杂的人，如同一本厚实的字典让人难以读懂。热情率直且乐于助人的水瓶男，有时候却会表现出不近人情的冷漠一面。你们从来不受约束，只管走着自己的路，让别人去说。崇尚自由的水瓶男，极具个性且富有魅力，徘徊在矛盾和悖论的边缘。','/images/constellation/head-portrait/aquarius_boy.jpg'),
 ('/images/constellation/head-portrait/aquarius.jpg','水瓶座','01.20 - 02.18','水瓶女','友爱、慈善、博爱','突变、不服从','好奇心异常旺盛的水瓶女，是个反对世俗且不随波逐流的个性女生。极具独立精神的你们，喜欢我行我素的自由，说着自己的话走着自己的路，任由他人怎么说。在女生中，水瓶属于另外的理性份子，所有的聪明才智都用于天马行空的想象力。极端，纯洁，以及理智，便是真实的水瓶女！','/images/constellation/head-portrait/aquarius_girl.jpg'),
('/images/constellation/head-portrait/pisces.jpg','双鱼座','02.19 - 03.20','双鱼男','善良、好脾气','意志薄弱、不现实','温柔多情的双鱼座男生，就是一典型的风流才子范。双鱼男充满了浪漫唯美的色彩，在你们的世界里拥有着对爱情美好得如童话般的追求。之于生活，双鱼男却知足常乐，只要得过且过即可。看似文弱不堪一击的双鱼男，面对困难险阻时却能迸发出惊人的不服输精神。只是在抉择面前，却又显得特别黔驴技穷。','/images/constellation/head-portrait/pisces_boy.jpg'),
 ('/images/constellation/head-portrait/pisces.jpg','双鱼座','02.19 - 03.20','双鱼女','自觉、唯美','畏缩、逃避困难','柔情似水的双鱼座女生，天生浪漫且富有幻想，对众多男生来说有着一种特别的魅力。天真可爱，是大多数双鱼女的评价标签。或许正因为这样让人怜爱的个性，往往是异性朋友圈中的小公主。对生活，双鱼女充满着积极向上的热情，只是缺少了点应变能力，需要别人的保护，并习惯依赖他人。','/images/constellation/head-portrait/pisces_girl.jpg');
 																																			
SELECT * FROM constellation;

# 添加 ethnic 民族表数据
INSERT INTO ethnic(`ethnic_name`) VALUES
('汉族'),('蒙古族'),('回族'),('藏族'),('维吾尔族'),('苗族'),('彝族'),('壮族'),('布依族'),('朝鲜族'),('满族'),('侗族'),('瑶族'),('白族'),('土家族'),('哈尼族'),('哈萨克族'),
('傣族'),('黎族'),('傈僳族'),('佤族'),('畲族'),('高山族'),('拉祜族'),('水族'),('东乡族'),('纳西族'),('景颇族'),('柯尔克孜族'),('土族'),('达斡尔族'),('仫佬族'),('羌族'),
('布朗族'),('撒拉族'),('毛难族'),('仡佬族'),('锡伯族'),('阿昌族'),('普米族'),('塔吉克族'),('怒族'),('乌孜别克族'),('俄罗斯族'),('鄂温克族'),('崩龙族'),('保安族'),('裕固族'),
('京族'),('塔塔尔族'),('独龙族'),('鄂伦春族'),('赫哲族'),('门巴族'),('珞巴族'),('基诺族');
SELECT * FROM ethnic;

# 添加 province 表
INSERT INTO `province`(`province_id`,`province_name`) VALUES (1,'北京市'),(2,'天津市'),(3,'上海市'),(4,'重庆市'),(5,'河北省'),(6,'山西省'),(7,'台湾省'),(8,'辽宁省'),(9,'吉林省'),(10,'黑龙江省'),
(11,'江苏省'),(12,'浙江省'),(13,'安徽省'),(14,'福建省'),(15,'江西省'),(16,'山东省'),(17,'河南省'),(18,'湖北省'),(19,'湖南省'),(20,'广东省'),(21,'甘肃省'),(22,'四川省'),(23,'贵州省'),
(24,'海南省'),(25,'云南省'),(26,'青海省'),(27,'陕西省'),(28,'广西壮族自治区'),(29,'西藏自治区'),(30,'宁夏回族自治区'),(31,'新疆维吾尔自治区'),(32,'内蒙古自治区'),(33,'澳门特别行政区'),(34,'香港特别行政区');

SELECT * FROM province;

# 添加 city 表
INSERT INTO `city`(`city_order`,`city_name`,`province_id`) VALUES (1,'北京市',1),(1,'天津市',2),(1,'上海市',3),(1,'重庆市',4),(1,'石家庄市',5),(2,'唐山市',5),(3,'秦皇岛市',5),(4,'邯郸市',5),(5,'邢台市',5),(6,'保定市',5),
(7,'张家口市',5),(8,'承德市',5),(9,'沧州市',5),(10,'廊坊市',5),(11,'衡水市',5),(1,'太原市',6),(2,'大同市',6),(3,'阳泉市',6),(4,'长治市',6),(5,'晋城市',6),(6,'朔州市',6),(7,'晋中市',6),(8,'运城市',6),(9,'忻州市',6),
(10,'临汾市',6),(11,'吕梁市',6),(1,'台北市',7),(2,'高雄市',7),(3,'基隆市',7),(4,'台中市',7),(5,'台南市',7),(6,'新竹市',7),(7,'嘉义市',7),(8,'台北县',7),(9,'宜兰县',7),(10,'桃园县',7),(11,'新竹县',7),(12,'苗栗县',7),
(13,'台中县',7),(14,'彰化县',7),(15,'南投县',7),(16,'云林县',7),(17,'嘉义县',7),(18,'台南县',7),(19,'高雄县',7),(20,'屏东县',7),(21,'澎湖县',7),(22,'台东县',7),(23,'花莲县',7),(1,'沈阳市',8),(2,'大连市',8),(3,'鞍山市',8),
(4,'抚顺市',8),(5,'本溪市',8),(6,'丹东市',8),(7,'锦州市',8),(8,'营口市',8),(9,'阜新市',8),(10,'辽阳市',8),(11,'盘锦市',8),(12,'铁岭市',8),(13,'朝阳市',8),(14,'葫芦岛市',8),(1,'长春市',9),(2,'吉林市',9),(3,'四平市',9),
(4,'辽源市',9),(5,'通化市',9),(6,'白山市',9),(7,'松原市',9),(8,'白城市',9),(9,'延边朝鲜族自治州',9),(1,'哈尔滨市',10),(2,'齐齐哈尔市',10),(3,'鹤岗市',10),(4,'双鸭山市',10),(5,'鸡西市',10),(6,'大庆市',10),(7,'伊春市',10),
(8,'牡丹江市',10),(9,'佳木斯市',10),(10,'七台河市',10),(11,'黑河市',10),(12,'绥化市',10),(13,'大兴安岭地区',10),(1,'南京市',11),(2,'无锡市',11),(3,'徐州市',11),(4,'常州市',11),(5,'苏州市',11),(6,'南通市',11),
(7,'连云港市',11),(8,'淮安市',11),(9,'盐城市',11),(10,'扬州市',11),(11,'镇江市',11),(12,'泰州市',11),(13,'宿迁市',11),(1,'杭州市',12),(2,'宁波市',12),(3,'温州市',12),(4,'嘉兴市',12),(5,'湖州市',12),(6,'绍兴市',12),
(7,'金华市',12),(8,'衢州市',12),(9,'舟山市',12),(10,'台州市',12),(11,'丽水市',12),(1,'合肥市',13),(2,'芜湖市',13),(3,'蚌埠市',13),(4,'淮南市',13),(5,'马鞍山市',13),(6,'淮北市',13),(7,'铜陵市',13),(8,'安庆市',13),
(9,'黄山市',13),(10,'滁州市',13),(11,'阜阳市',13),(12,'宿州市',13),(13,'巢湖市',13),(14,'六安市',13),(15,'亳州市',13),(16,'池州市',13),(17,'宣城市',13),(1,'福州市',14),(2,'厦门市',14),(3,'莆田市',14),(4,'三明市',14),
(5,'泉州市',14),(6,'漳州市',14),(7,'南平市',14),(8,'龙岩市',14),(9,'宁德市',14),(1,'南昌市',15),(2,'景德镇市',15),(3,'萍乡市',15),(4,'九江市',15),(5,'新余市',15),(6,'鹰潭市',15),(7,'赣州市',15),(8,'吉安市',15),
(9,'宜春市',15),(10,'抚州市',15),(11,'上饶市',15),(1,'济南市',16),(2,'青岛市',16),(3,'淄博市',16),(4,'枣庄市',16),(5,'东营市',16),(6,'烟台市',16),(7,'潍坊市',16),(8,'济宁市',16),(9,'泰安市',16),(10,'威海市',16),
(11,'日照市',16),(12,'莱芜市',16),(13,'临沂市',16),(14,'德州市',16),(15,'聊城市',16),(16,'滨州市',16),(17,'菏泽市',16),(1,'郑州市',17),(2,'开封市',17),(3,'洛阳市',17),(4,'平顶山市',17),(5,'安阳市',17),(6,'鹤壁市',17),
(7,'新乡市',17),(8,'焦作市',17),(9,'濮阳市',17),(10,'许昌市',17),(11,'漯河市',17),(12,'三门峡市',17),(13,'南阳市',17),(14,'商丘市',17),(15,'信阳市',17),(16,'周口市',17),(17,'驻马店市',17),(18,'济源市',17),(1,'武汉市',18),
(2,'黄石市',18),(3,'十堰市',18),(4,'荆州市',18),(5,'宜昌市',18),(6,'襄樊市',18),(7,'鄂州市',18),(8,'荆门市',18),(9,'孝感市',18),(10,'黄冈市',18),(11,'咸宁市',18),(12,'随州市',18),(13,'仙桃市',18),(14,'天门市',18),
(15,'潜江市',18),(16,'神农架林区',18),(17,'恩施土家族苗族自治州',18),(1,'长沙市',19),(2,'株洲市',19),(3,'湘潭市',19),(4,'衡阳市',19),(5,'邵阳市',19),(6,'岳阳市',19),(7,'常德市',19),(8,'张家界市',19),(9,'益阳市',19),
(10,'郴州市',19),(11,'永州市',19),(12,'怀化市',19),(13,'娄底市',19),(14,'湘西土家族苗族自治州',19),(1,'广州市',20),(2,'深圳市',20),(3,'珠海市',20),(4,'汕头市',20),(5,'韶关市',20),(6,'佛山市',20),(7,'江门市',20),
(8,'湛江市',20),(9,'茂名市',20),(10,'肇庆市',20),(11,'惠州市',20),(12,'梅州市',20),(13,'汕尾市',20),(14,'河源市',20),(15,'阳江市',20),(16,'清远市',20),(17,'东莞市',20),(18,'中山市',20),(19,'潮州市',20),(20,'揭阳市',20),
(21,'云浮市',20),(1,'兰州市',21),(2,'金昌市',21),(3,'白银市',21),(4,'天水市',21),(5,'嘉峪关市',21),(6,'武威市',21),(7,'张掖市',21),(8,'平凉市',21),(9,'酒泉市',21),(10,'庆阳市',21),(11,'定西市',21),(12,'陇南市',21),
(13,'临夏回族自治州',21),(14,'甘南藏族自治州',21),(1,'成都市',22),(2,'自贡市',22),(3,'攀枝花市',22),(4,'泸州市',22),(5,'德阳市',22),(6,'绵阳市',22),(7,'广元市',22),(8,'遂宁市',22),(9,'内江市',22),(10,'乐山市',22),
(11,'南充市',22),(12,'眉山市',22),(13,'宜宾市',22),(14,'广安市',22),(15,'达州市',22),(16,'雅安市',22),(17,'巴中市',22),(18,'资阳市',22),(19,'阿坝藏族羌族自治州',22),(20,'甘孜藏族自治州',22),(21,'凉山彝族自治州',22),
(1,'贵阳市',23),(2,'六盘水市',23),(3,'遵义市',23),(4,'安顺市',23),(5,'铜仁地区',23),(6,'毕节地区',23),(7,'黔西南布依族苗族自治州',23),(8,'黔东南苗族侗族自治州',23),(9,'黔南布依族苗族自治州',23),(1,'海口市',24),
(2,'三亚市',24),(3,'五指山市',24),(4,'琼海市',24),(5,'儋州市',24),(6,'文昌市',24),(7,'万宁市',24),(8,'东方市',24),(9,'澄迈县',24),(10,'定安县',24),(11,'屯昌县',24),(12,'临高县',24),(13,'白沙黎族自治县',24),
(14,'昌江黎族自治县',24),(15,'乐东黎族自治县',24),(16,'陵水黎族自治县',24),(17,'保亭黎族苗族自治县',24),(18,'琼中黎族苗族自治县',24),(1,'昆明市',25),(2,'曲靖市',25),(3,'玉溪市',25),(4,'保山市',25),(5,'昭通市',25),
(6,'丽江市',25),(7,'思茅市',25),(8,'临沧市',25),(9,'文山壮族苗族自治州',25),(10,'红河哈尼族彝族自治州',25),(11,'西双版纳傣族自治州',25),(12,'楚雄彝族自治州',25),(13,'大理白族自治州',25),(14,'德宏傣族景颇族自治州',25),
(15,'怒江傈傈族自治州',25),(16,'迪庆藏族自治州',25),(1,'西宁市',26),(2,'海东地区',26),(3,'海北藏族自治州',26),(4,'黄南藏族自治州',26),(5,'海南藏族自治州',26),(6,'果洛藏族自治州',26),(7,'玉树藏族自治州',26),
(8,'海西蒙古族藏族自治州',26),(1,'西安市',27),(2,'铜川市',27),(3,'宝鸡市',27),(4,'咸阳市',27),(5,'渭南市',27),(6,'延安市',27),(7,'汉中市',27),(8,'榆林市',27),(9,'安康市',27),(10,'商洛市',27),(1,'南宁市',28),
(2,'柳州市',28),(3,'桂林市',28),(4,'梧州市',28),(5,'北海市',28),(6,'防城港市',28),(7,'钦州市',28),(8,'贵港市',28),(9,'玉林市',28),(10,'百色市',28),(11,'贺州市',28),(12,'河池市',28),(13,'来宾市',28),(14,'崇左市',28),
(1,'拉萨市',29),(2,'那曲地区',29),(3,'昌都地区',29),(4,'山南地区',29),(5,'日喀则地区',29),(6,'阿里地区',29),(7,'林芝地区',29),(1,'银川市',30),(2,'石嘴山市',30),(3,'吴忠市',30),(4,'固原市',30),(5,'中卫市',30),
(1,'乌鲁木齐市',31),(2,'克拉玛依市',31),(3,'石河子市',31),(4,'阿拉尔市',31),(5,'图木舒克市',31),(6,'五家渠市',31),(7,'吐鲁番市',31),(8,'阿克苏市',31),(9,'喀什市',31),(10,'哈密市',31),(11,'和田市',31),
(12,'阿图什市',31),(13,'库尔勒市',31),(14,'昌吉市',31),(15,'阜康市',31),(16,'米泉市',31),(17,'博乐市',31),(18,'伊宁市',31),(19,'奎屯市',31),(20,'塔城市',31),(21,'乌苏市',31),(22,'阿勒泰市',31),(1,'呼和浩特市',32),
(2,'包头市',32),(3,'乌海市',32),(4,'赤峰市',32),(5,'通辽市',32),(6,'鄂尔多斯市',32),(7,'呼伦贝尔市',32),(8,'巴彦淖尔市',32),(9,'乌兰察布市',32),(10,'锡林郭勒盟',32),(11,'兴安盟',32),(12,'阿拉善盟',32),(1,'澳门特别行政区',33),(1,'香港特别行政区',34);

SELECT * FROM city;

# 获取江西省下所有的市
SELECT * FROM city AS c WHERE c.province_id = (SELECT province_id FROM province WHERE province_name = '江西省');


# 添加 student 学生表数据
INSERT INTO `student`(`student_number`,`student_password`,`student_signature`,
	`student_name`,`student_identity_card`,`student_head_portrait`,`province_id`, 
	`city_id`,`ethnic_id`,`student_gender`,`student_age`,	`student_birthday`,
	`constellation_id`,	`student_introduce`,	`student_mailbox`,	`student_phone`)
VALUES('what','123456','你觉得怎么样？','刘世宇','360731199912033434','\images\default\header-portrait\student\boy.jpg',15,142,1,'男',21,'1999-12-03',17,'我希望我会Linux、会Java、Python语言。','liu_di_lin@163.com','17318071824'),
('how','123456','...','韩敏','310116197505275722','\images\default\header-portrait\student\girl.jpeg',15,142,1,'女',19,'1999-10-03',17,'我总觉得我很幸运。','liu_di_lin@163.com','13718071824');

SELECT * FROM student;

# 添加 exam_type 考试类别表数据
INSERT INTO exam_type(`exam_type_name`) 
VALUES ('期中考试'),('期末考试');

SELECT * FROM exam_type;

# 添加 subject 科目表数据
INSERT INTO subject(`subject_name`,`subject_describe`)
VALUES ('语文','语文是基础教育课程体系中的一门重点教学科目，其教学的内容是语言文化，其运行的形式也是语言文化。'),
		('英语','英语也是与电脑联系最密切的语言，大多数编程语言都与英语有联系，而且随着网络的使用，英文的使用更普及。'),
		('数学','数学（mathematics或maths，其英文来自希腊语，“máthēma”；经常被缩写为“math”），是研究数量、结构、变化、空间以及信息等概念的一门学科，从某种角度看属于形式科学的一种。');

SELECT * FROM subject;

# 添加 score 成绩表数据
INSERT INTO score(`student_id`,`exam_type_id`,`subject_id`,`score_grade`) 
VALUES (1,1,1,98),(1,1,2,88),(1,1,3,95);

SELECT * FROM score;

# 添加 class 班级表数据
INSERT INTO class(`class_number`,`class_head_portrait`,`class_name`,`class_slogan`)
VALUES ('S3S147','\images\default\class\class-head.jpg','鸿志班','精诚所至，金石为开。');

SELECT * FROM class;

# 添加 student_class 学生班级中间表数据
INSERT INTO student_class(`class_id`,`student_id`)
VALUES (1,1),(1,2);

SELECT * FROM student_class;

# 添加 target 目标表数据

# 添加 teacher 教师表数据
INSERT INTO teacher(`teacher_number`,`teacher_password`,`teacher_signature`,
	`teacher_name`,`teacher_identity_card`,`teacher_head_portrait`,`province_id`, 
	`city_id`,`ethnic_id`,`teacher_gender`,`teacher_age`,	`teacher_birthday`,
	`constellation_id`,	`teacher_introduce`,	`teacher_mailbox`,	`teacher_phone`,`subject_id`)
VALUES('Jiang','123456','没有','何晓明','360731199912033434','\images\default\header-portrait\student\boy.jpg',15,142,1,'男',21,'1999-12-03',17,'我希望我的学生会Linux、会Java、Python语言。','liu_di_lin@163.com','17318071824',1);



SELECT * FROM teacher;

# 添加 teacher_class 教师班级中间表数据
INSERT INTO teacher_class(`teacher_id`,`class_id`) 
VALUES (1,1);

SELECT * FROM teacher_class;



